ID,Title,Plays,Likes
1,Sheltering in Space,1,1
2,Folie ï¿½ deux,5,2
3,Take the Air,8,2
4,Shroud,119,3
5,The Wild Onion,7,4
6,Semantic Synthetic,11,1
7,The Third Face,12,5
8,Rat Boot Never Dies,7,2
9,Twlight,3,0
10,Battle Star,16,4
11,Lazy Star,29,1
12,Walk With Me,8,4
13,The Gypsy,13,4
14,A Moaner's Chain Gang,180,1
15,Lasers in the Jungle,8,1
16,A Memory Remains (re-remastered),6,2
17,We're All In It Together,11,2
18,Uncle Frog's Deep Space Chorus,14,1
19,Ink Erodes,26,0
20,Gregorian Moan,317,1
21,Son of Mad Dirt Machine,69,1
22,Desolation,24,2
23,"Bootheel, p2",6,0
24,Bootheel (Dreaming of Life),67,0
25,Rethinking Bob Dylan's Buckets of Rain,44,5
26,The Howling Menace and the Return of the Synths,40,2
27,The Mad Dirt Machine,18,5
28,Under The Sun,17,0
29,Real FunTown,19,2
30,Singularity M,27,3
31,Baby Girl,72,1
32,Ave Maria,129,5
33,Brown Town,40,2
34,A Maiden's Prayer,70,1
35,Rat Boot Redux,54,0
36,Jimnopeedie,60,1
37,Glaciers,153,0
38,A Memory Remains,79,0
39,What Do You Know?,184,3
40,How to Get a Wink From a Waitress,55,1
41,We're All Victims Now!,50,2
42,Mischievous,35,1
43,Aurora,54,1
44,Mozyin',67,2
45,Pfizer Entertains,61,1
46,Lulu Goes Away,68,2
47,The Overture of the Morbid Nietzschean Space Vikings,80,1
48,Hoo Hoo, Ooo Eee Ooo,528,1
